{
  "version": 1,
  "author": "MIGUEL MASSANE",
  "editor": "wokwi",
  "parts": [
    { "type": "wokwi-breadboard-half", "id": "bb1", "top": -108.6, "left": -218, "attrs": {} },
    { "type": "wokwi-arduino-uno", "id": "uno", "top": 67.8, "left": 162.6, "attrs": {} },
    {
      "type": "wokwi-lcd1602",
      "id": "lcd1",
      "top": 131.2,
      "left": -186.4,
      "attrs": { "pins": "i2c" }
    },
    { "type": "wokwi-dht22", "id": "dht1", "top": -95.7, "left": -159, "attrs": {} }
  ],
  "connections": [
    [ "dht1:VCC", "bb1:6b.g", "", [ "$bb" ] ],
    [ "dht1:SDA", "bb1:7b.g", "", [ "$bb" ] ],
    [ "dht1:NC", "bb1:8b.g", "", [ "$bb" ] ],
    [ "dht1:GND", "bb1:9b.g", "", [ "$bb" ] ],
    [ "bb1:6b.h", "uno:5V", "green", [ "v0" ] ],
    [ "lcd1:GND", "uno:GND.3", "black", [ "h0" ] ],
    [ "lcd1:VCC", "uno:5V", "red", [ "h0" ] ],
    [ "lcd1:SDA", "uno:A4", "green", [ "h0" ] ],
    [ "lcd1:SCL", "uno:A5", "green", [ "h0" ] ],
    [ "bb1:7b.h", "uno:3", "green", [ "v0" ] ],
    [ "bb1:8b.h", "uno:11", "green", [ "v0" ] ],
    [ "bb1:9b.h", "uno:GND.3", "green", [ "v230.4", "h460.8" ] ]
  ],
  "dependencies": {}
}