{
  "version": 1,
  "author": "miguel",
  "editor": "wokwi",
  "parts": [
    {
      "type": "wokwi-breadboard-half",
      "id": "bb1",
      "top": -12.6,
      "left": -54.8,
      "rotate": 180,
      "attrs": {}
    },
    { "type": "wokwi-arduino-uno", "id": "uno", "top": 173.4, "left": 297, "attrs": {} },
    { "type": "wokwi-led", "id": "led1", "top": 63.6, "left": -5.8, "attrs": { "color": "red" } },
    {
      "type": "wokwi-resistor",
      "id": "r1",
      "top": 139.2,
      "left": -19.75,
      "rotate": 90,
      "attrs": { "value": "220000" }
    }
  ],
  "connections": [
    [ "r1:1", "bb1:26t.d", "", [ "$bb" ] ],
    [ "r1:2", "bb1:tn.21", "", [ "$bb" ] ],
    [ "led1:A", "bb1:25t.e", "", [ "$bb" ] ],
    [ "led1:C", "bb1:26t.e", "", [ "$bb" ] ],
    [ "bb1:25t.d", "uno:13", "green", [ "v0" ] ],
    [ "bb1:tn.1", "uno:GND.1", "green", [ "v0" ] ]
  ],
  "dependencies": {}
}