{
  "version": 1,
  "author": "miguel",
  "editor": "wokwi",
  "parts": [
    { "type": "wokwi-breadboard-half", "id": "bb1", "top": -108.6, "left": -294.8, "attrs": {} },
    { "type": "wokwi-arduino-uno", "id": "uno", "top": 96.6, "left": 105, "attrs": {} },
    {
      "type": "wokwi-led",
      "id": "led1",
      "top": -22.8,
      "left": -274.6,
      "attrs": { "color": "red" }
    },
    {
      "type": "wokwi-resistor",
      "id": "r1",
      "top": 52.8,
      "left": -288.55,
      "rotate": 90,
      "attrs": { "value": "220000" }
    },
    {
      "type": "wokwi-resistor",
      "id": "r2",
      "top": 52.8,
      "left": -163.75,
      "rotate": 90,
      "attrs": { "value": "220000" }
    },
    {
      "type": "wokwi-resistor",
      "id": "r3",
      "top": 52.8,
      "left": -221.35,
      "rotate": 90,
      "attrs": { "value": "220000" }
    },
    {
      "type": "wokwi-led",
      "id": "led2",
      "top": -22.8,
      "left": -207.4,
      "attrs": { "color": "yellow" }
    },
    {
      "type": "wokwi-led",
      "id": "led3",
      "top": -22.8,
      "left": -149.8,
      "attrs": { "color": "limegreen" }
    }
  ],
  "connections": [
    [ "r1:1", "bb1:2b.h", "", [ "$bb" ] ],
    [ "r1:2", "bb1:bn.1", "", [ "$bb" ] ],
    [ "r3:1", "bb1:9b.h", "", [ "$bb" ] ],
    [ "r3:2", "bb1:bn.7", "", [ "$bb" ] ],
    [ "r2:1", "bb1:15b.h", "", [ "$bb" ] ],
    [ "r2:2", "bb1:bn.12", "", [ "$bb" ] ],
    [ "led1:A", "bb1:3b.g", "", [ "$bb" ] ],
    [ "led1:C", "bb1:2b.g", "", [ "$bb" ] ],
    [ "led2:A", "bb1:10b.g", "", [ "$bb" ] ],
    [ "led2:C", "bb1:9b.g", "", [ "$bb" ] ],
    [ "led3:A", "bb1:16b.g", "", [ "$bb" ] ],
    [ "led3:C", "bb1:15b.g", "", [ "$bb" ] ],
    [ "bb1:16b.h", "uno:4", "green", [ "v0" ] ],
    [ "bb1:10b.h", "uno:7", "green", [ "v0" ] ],
    [ "bb1:3b.h", "uno:13", "green", [ "v0" ] ],
    [ "bb1:bn.25", "uno:GND.1", "black", [ "v0" ] ]
  ],
  "dependencies": {}
}