{
  "version": 1,
  "author": "MIGUEL MASSANE",
  "editor": "wokwi",
  "parts": [
    { "type": "wokwi-breadboard-half", "id": "bb1", "top": 93, "left": -237.2, "attrs": {} },
    { "type": "wokwi-arduino-uno", "id": "uno", "top": 355.8, "left": 28.2, "attrs": {} },
    { "type": "wokwi-dht22", "id": "dht1", "top": 29.1, "left": -187.8, "attrs": {} },
    {
      "type": "wokwi-resistor",
      "id": "r1",
      "top": 187.2,
      "left": -240.55,
      "rotate": 90,
      "attrs": { "value": "250000" }
    }
  ],
  "connections": [
    [ "dht1:VCC", "bb1:5t.a", "", [ "$bb" ] ],
    [ "dht1:SDA", "bb1:6t.a", "", [ "$bb" ] ],
    [ "dht1:NC", "bb1:7t.a", "", [ "$bb" ] ],
    [ "dht1:GND", "bb1:8t.a", "", [ "$bb" ] ],
    [ "r1:1", "bb1:1t.c", "", [ "$bb" ] ],
    [ "r1:2", "bb1:1b.g", "", [ "$bb" ] ],
    [ "bb1:1b.h", "bb1:6t.d", "green", [ "v0" ] ],
    [ "bb1:6t.b", "uno:3", "green", [ "v0" ] ],
    [ "bb1:8t.e", "uno:GND.3", "green", [ "v0" ] ],
    [ "bb1:1t.b", "bb1:5t.b", "green", [ "v0" ] ],
    [ "bb1:5t.e", "uno:5V", "green", [ "v0" ] ]
  ],
  "dependencies": {}
}