{
  "version": 1,
  "author": "miguel",
  "editor": "wokwi",
  "parts": [
    {
      "type": "wokwi-breadboard-half",
      "id": "bb1",
      "top": -79.8,
      "left": -83.6,
      "rotate": 180,
      "attrs": {}
    },
    { "type": "wokwi-arduino-uno", "id": "uno", "top": 144.6, "left": 287.4, "attrs": {} },
    { "type": "wokwi-led", "id": "led1", "top": -3.6, "left": -73, "attrs": { "color": "cyan" } },
    {
      "type": "wokwi-resistor",
      "id": "r1",
      "top": 72,
      "left": -86.95,
      "rotate": 90,
      "attrs": { "value": "220000" }
    },
    {
      "type": "wokwi-resistor",
      "id": "r2",
      "top": 72,
      "left": -29.35,
      "rotate": 90,
      "attrs": { "value": "220000" }
    },
    {
      "type": "wokwi-resistor",
      "id": "r3",
      "top": 72,
      "left": -58.15,
      "rotate": 90,
      "attrs": { "value": "220000" }
    },
    {
      "type": "wokwi-resistor",
      "id": "r4",
      "top": 72,
      "left": -0.55,
      "rotate": 90,
      "attrs": { "value": "220000" }
    },
    {
      "type": "wokwi-resistor",
      "id": "r5",
      "top": 72,
      "left": 28.25,
      "rotate": 90,
      "attrs": { "value": "220000" }
    },
    {
      "type": "wokwi-led",
      "id": "led2",
      "top": -3.6,
      "left": -15.4,
      "attrs": { "color": "cyan" }
    },
    { "type": "wokwi-led", "id": "led3", "top": -3.6, "left": 13.4, "attrs": { "color": "cyan" } },
    { "type": "wokwi-led", "id": "led4", "top": -3.6, "left": 42.2, "attrs": { "color": "cyan" } },
    {
      "type": "wokwi-led",
      "id": "led5",
      "top": -3.6,
      "left": -44.2,
      "attrs": { "color": "cyan" }
    },
    { "type": "wokwi-potentiometer", "id": "pot1", "top": -30.1, "left": 105.4, "attrs": {} }
  ],
  "connections": [
    [ "r1:1", "bb1:30t.d", "", [ "$bb" ] ],
    [ "r1:2", "bb1:tn.25", "", [ "$bb" ] ],
    [ "r4:1", "bb1:21t.d", "", [ "$bb" ] ],
    [ "r4:2", "bb1:tn.17", "", [ "$bb" ] ],
    [ "r2:1", "bb1:24t.d", "", [ "$bb" ] ],
    [ "r2:2", "bb1:tn.20", "", [ "$bb" ] ],
    [ "r5:1", "bb1:18t.d", "", [ "$bb" ] ],
    [ "r5:2", "bb1:tn.15", "", [ "$bb" ] ],
    [ "r3:1", "bb1:27t.d", "", [ "$bb" ] ],
    [ "r3:2", "bb1:tn.22", "", [ "$bb" ] ],
    [ "led1:A", "bb1:29t.e", "", [ "$bb" ] ],
    [ "led1:C", "bb1:30t.e", "", [ "$bb" ] ],
    [ "led2:A", "bb1:23t.e", "", [ "$bb" ] ],
    [ "led2:C", "bb1:24t.e", "", [ "$bb" ] ],
    [ "led4:A", "bb1:17t.e", "", [ "$bb" ] ],
    [ "led4:C", "bb1:18t.e", "", [ "$bb" ] ],
    [ "led3:A", "bb1:20t.e", "", [ "$bb" ] ],
    [ "led3:C", "bb1:21t.e", "", [ "$bb" ] ],
    [ "bb1:29t.d", "uno:2", "green", [ "v0" ] ],
    [ "led5:A", "bb1:26t.e", "", [ "$bb" ] ],
    [ "led5:C", "bb1:27t.e", "", [ "$bb" ] ],
    [ "bb1:26t.d", "uno:3", "green", [ "v0" ] ],
    [ "bb1:23t.d", "uno:4", "green", [ "v0" ] ],
    [ "bb1:20t.d", "uno:5", "green", [ "v0" ] ],
    [ "bb1:17t.d", "uno:6", "green", [ "v0" ] ],
    [ "pot1:GND", "bb1:10t.e", "", [ "$bb" ] ],
    [ "pot1:SIG", "bb1:9t.e", "", [ "$bb" ] ],
    [ "bb1:9t.c", "uno:A0", "green", [ "v0" ] ],
    [ "bb1:8t.c", "bb1:tp.6", "green", [ "v0" ] ],
    [ "bb1:10t.c", "bb1:tn.8", "green", [ "v0" ] ],
    [ "bb1:tn.1", "uno:GND.2", "green", [ "v0" ] ],
    [ "uno:5V", "bb1:tp.3", "red", [ "v0" ] ]
  ],
  "dependencies": {}
}