{
  "version": 1,
  "author": "miguel",
  "editor": "wokwi",
  "parts": [
    {
      "type": "wokwi-breadboard-half",
      "id": "bb1",
      "top": -99,
      "left": -122,
      "rotate": 180,
      "attrs": {}
    },
    { "type": "wokwi-arduino-uno", "id": "uno", "top": 115.8, "left": 229.8, "attrs": {} },
    {
      "type": "wokwi-resistor",
      "id": "r1",
      "top": 52.8,
      "left": -125.35,
      "rotate": 90,
      "attrs": { "value": "220000" }
    },
    {
      "type": "wokwi-led",
      "id": "led1",
      "top": -22.8,
      "left": -111.4,
      "attrs": { "color": "green" }
    },
    {
      "type": "wokwi-resistor",
      "id": "r2",
      "top": 52.8,
      "left": -96.55,
      "rotate": 90,
      "attrs": { "value": "220000" }
    },
    {
      "type": "wokwi-resistor",
      "id": "r3",
      "top": 52.8,
      "left": -67.75,
      "rotate": 90,
      "attrs": { "value": "220000" }
    },
    {
      "type": "wokwi-resistor",
      "id": "r4",
      "top": 52.8,
      "left": -38.95,
      "rotate": 90,
      "attrs": { "value": "220000" }
    },
    {
      "type": "wokwi-led",
      "id": "led2",
      "top": -22.8,
      "left": -82.6,
      "attrs": { "color": "blue" }
    },
    {
      "type": "wokwi-led",
      "id": "led3",
      "top": -22.8,
      "left": -53.8,
      "attrs": { "color": "yellow" }
    },
    {
      "type": "wokwi-led",
      "id": "led4",
      "top": -22.8,
      "left": -25,
      "attrs": { "color": "orange" }
    }
  ],
  "connections": [
    [ "r1:1", "bb1:30t.d", "", [ "$bb" ] ],
    [ "r1:2", "bb1:tn.25", "", [ "$bb" ] ],
    [ "r2:1", "bb1:27t.d", "", [ "$bb" ] ],
    [ "r2:2", "bb1:tn.22", "", [ "$bb" ] ],
    [ "r3:1", "bb1:24t.d", "", [ "$bb" ] ],
    [ "r3:2", "bb1:tn.20", "", [ "$bb" ] ],
    [ "r4:1", "bb1:21t.d", "", [ "$bb" ] ],
    [ "r4:2", "bb1:tn.17", "", [ "$bb" ] ],
    [ "led1:A", "bb1:29t.e", "", [ "$bb" ] ],
    [ "led1:C", "bb1:30t.e", "", [ "$bb" ] ],
    [ "led2:A", "bb1:26t.e", "", [ "$bb" ] ],
    [ "led2:C", "bb1:27t.e", "", [ "$bb" ] ],
    [ "led3:A", "bb1:23t.e", "", [ "$bb" ] ],
    [ "led3:C", "bb1:24t.e", "", [ "$bb" ] ],
    [ "led4:A", "bb1:20t.e", "", [ "$bb" ] ],
    [ "led4:C", "bb1:21t.e", "", [ "$bb" ] ],
    [ "bb1:29t.d", "uno:2", "green", [ "v0" ] ],
    [ "bb1:26t.d", "uno:3", "green", [ "v0" ] ],
    [ "bb1:23t.d", "uno:4", "green", [ "v0" ] ],
    [ "bb1:20t.d", "uno:5", "green", [ "v0" ] ],
    [ "bb1:tn.1", "uno:GND.1", "black", [ "v0" ] ]
  ],
  "dependencies": {}
}