{
  "version": 1,
  "author": "miguel",
  "editor": "wokwi",
  "parts": [
    {
      "type": "wokwi-breadboard-half",
      "id": "bb1",
      "top": -22.2,
      "left": -218,
      "rotate": 180,
      "attrs": {}
    },
    { "type": "wokwi-arduino-uno", "id": "uno", "top": 125.4, "left": 229.8, "attrs": {} },
    { "type": "wokwi-led", "id": "led1", "top": 54, "left": -149.8, "attrs": { "color": "blue" } },
    {
      "type": "wokwi-resistor",
      "id": "r1",
      "top": 129.6,
      "left": -163.75,
      "rotate": 90,
      "attrs": { "value": "220000" }
    },
    {
      "type": "wokwi-resistor",
      "id": "r2",
      "top": 129.6,
      "left": -48.55,
      "rotate": 90,
      "attrs": { "value": "220000" }
    },
    {
      "type": "wokwi-resistor",
      "id": "r3",
      "top": 129.6,
      "left": -96.55,
      "rotate": 90,
      "attrs": { "value": "220000" }
    },
    {
      "type": "wokwi-resistor",
      "id": "r4",
      "top": 129.6,
      "left": -211.75,
      "rotate": 90,
      "attrs": { "value": "220000" }
    },
    {
      "type": "wokwi-led",
      "id": "led2",
      "top": 54,
      "left": -34.6,
      "attrs": { "color": "orange" }
    },
    {
      "type": "wokwi-led",
      "id": "led3",
      "top": 54,
      "left": -82.6,
      "attrs": { "color": "orange" }
    },
    { "type": "wokwi-led", "id": "led4", "top": 54, "left": -197.8, "attrs": { "color": "blue" } }
  ],
  "connections": [
    [ "r1:1", "bb1:24t.d", "", [ "$bb" ] ],
    [ "r1:2", "bb1:tn.20", "", [ "$bb" ] ],
    [ "r4:1", "bb1:29t.d", "", [ "$bb" ] ],
    [ "r4:2", "bb1:tn.24", "", [ "$bb" ] ],
    [ "r3:1", "bb1:17t.d", "", [ "$bb" ] ],
    [ "r3:2", "bb1:tn.14", "", [ "$bb" ] ],
    [ "r2:1", "bb1:12t.d", "", [ "$bb" ] ],
    [ "r2:2", "bb1:tn.10", "", [ "$bb" ] ],
    [ "led4:A", "bb1:28t.e", "", [ "$bb" ] ],
    [ "led4:C", "bb1:29t.e", "", [ "$bb" ] ],
    [ "led1:A", "bb1:23t.e", "", [ "$bb" ] ],
    [ "led1:C", "bb1:24t.e", "", [ "$bb" ] ],
    [ "led3:A", "bb1:16t.e", "", [ "$bb" ] ],
    [ "led3:C", "bb1:17t.e", "", [ "$bb" ] ],
    [ "led2:A", "bb1:11t.e", "", [ "$bb" ] ],
    [ "led2:C", "bb1:12t.e", "", [ "$bb" ] ],
    [ "bb1:tn.1", "uno:GND.1", "black", [ "v0" ] ],
    [ "bb1:11t.d", "uno:2", "green", [ "v0" ] ],
    [ "bb1:16t.d", "uno:3", "green", [ "v0" ] ],
    [ "bb1:23t.d", "uno:4", "green", [ "v0" ] ],
    [ "bb1:28t.d", "uno:5", "green", [ "v0" ] ]
  ],
  "dependencies": {}
}