{
  "version": 1,
  "author": "Anonymous maker",
  "editor": "wokwi",
  "parts": [
    {
      "type": "wokwi-breadboard-half",
      "id": "bb1",
      "top": -51.4,
      "left": -120.6,
      "rotate": 180,
      "attrs": {}
    },
    { "type": "wokwi-arduino-uno", "id": "uno", "top": 135, "left": 287.4, "attrs": {} },
    {
      "type": "wokwi-pushbutton",
      "id": "btn1",
      "top": 18.2,
      "left": -34,
      "rotate": 90,
      "attrs": { "color": "green", "xray": "1", "bounce": "1" }
    },
    { "type": "wokwi-led", "id": "led1", "top": 25.2, "left": 80.6, "attrs": { "color": "red" } },
    {
      "type": "wokwi-resistor",
      "id": "r1",
      "top": 100.8,
      "left": 66.65,
      "rotate": 90,
      "attrs": { "value": "220000" }
    }
  ],
  "connections": [
    [ "bb1:21t.c", "uno:8", "green", [ "v0" ] ],
    [ "bb1:19t.c", "bb1:tn.16", "black", [ "v0" ] ],
    [ "btn1:1.l", "bb1:19b.i", "", [ "$bb" ] ],
    [ "btn1:2.l", "bb1:21b.i", "", [ "$bb" ] ],
    [ "btn1:1.r", "bb1:19t.d", "", [ "$bb" ] ],
    [ "btn1:2.r", "bb1:21t.d", "", [ "$bb" ] ],
    [ "led1:A", "bb1:9t.e", "", [ "$bb" ] ],
    [ "led1:C", "bb1:10t.e", "", [ "$bb" ] ],
    [ "bb1:9t.d", "uno:12", "green", [ "v0" ] ],
    [ "r1:1", "bb1:10t.d", "", [ "$bb" ] ],
    [ "r1:2", "bb1:tn.8", "", [ "$bb" ] ],
    [ "bb1:tn.1", "uno:GND.1", "green", [ "v0" ] ]
  ],
  "dependencies": {}
}