{
  "version": 1,
  "author": "miguel",
  "editor": "wokwi",
  "parts": [
    { "type": "wokwi-breadboard-half", "id": "bb1", "top": -108.6, "left": -198.8, "attrs": {} },
    { "type": "wokwi-arduino-uno", "id": "uno", "top": 144.6, "left": 124.2, "attrs": {} },
    {
      "type": "wokwi-led",
      "id": "led1",
      "top": -22.8,
      "left": -44.2,
      "attrs": { "color": "red" }
    },
    {
      "type": "wokwi-resistor",
      "id": "r1",
      "top": 52.8,
      "left": -58.15,
      "rotate": 90,
      "attrs": { "value": "220000" }
    }
  ],
  "connections": [
    [ "r1:1", "bb1:16b.h", "", [ "$bb" ] ],
    [ "r1:2", "bb1:bn.13", "", [ "$bb" ] ],
    [ "led1:A", "bb1:17b.g", "", [ "$bb" ] ],
    [ "led1:C", "bb1:16b.g", "", [ "$bb" ] ],
    [ "bb1:bn.15", "uno:GND.1", "green", [ "v0" ] ],
    [ "bb1:17b.h", "uno:13", "purple", [ "v0" ] ]
  ],
  "dependencies": {}
}