{
  "version": 1,
  "author": "miguel",
  "editor": "wokwi",
  "parts": [
    {
      "type": "wokwi-breadboard-half",
      "id": "bb1",
      "top": -60.6,
      "left": -266,
      "rotate": 180,
      "attrs": {}
    },
    { "type": "wokwi-arduino-uno", "id": "uno", "top": 135, "left": 95.4, "attrs": {} },
    {
      "type": "wokwi-led",
      "id": "led1",
      "top": 15.6,
      "left": -255.4,
      "attrs": { "color": "yellow" }
    },
    {
      "type": "wokwi-resistor",
      "id": "r1",
      "top": 91.2,
      "left": -269.35,
      "rotate": 90,
      "attrs": { "value": "220000" }
    },
    {
      "type": "wokwi-resistor",
      "id": "r2",
      "top": 91.2,
      "left": -182.95,
      "rotate": 90,
      "attrs": { "value": "220000" }
    },
    {
      "type": "wokwi-resistor",
      "id": "r3",
      "top": 91.2,
      "left": -240.55,
      "rotate": 90,
      "attrs": { "value": "220000" }
    },
    {
      "type": "wokwi-resistor",
      "id": "r4",
      "top": 91.2,
      "left": -211.75,
      "rotate": 90,
      "attrs": { "value": "220000" }
    },
    {
      "type": "wokwi-led",
      "id": "led2",
      "top": 15.6,
      "left": -226.6,
      "attrs": { "color": "yellow" }
    },
    {
      "type": "wokwi-led",
      "id": "led3",
      "top": 15.6,
      "left": -197.8,
      "attrs": { "color": "yellow" }
    },
    {
      "type": "wokwi-led",
      "id": "led4",
      "top": 15.6,
      "left": -169,
      "attrs": { "color": "yellow" }
    }
  ],
  "connections": [
    [ "r1:1", "bb1:30t.d", "", [ "$bb" ] ],
    [ "r1:2", "bb1:tn.25", "", [ "$bb" ] ],
    [ "r4:1", "bb1:24t.d", "", [ "$bb" ] ],
    [ "r4:2", "bb1:tn.20", "", [ "$bb" ] ],
    [ "r2:1", "bb1:21t.d", "", [ "$bb" ] ],
    [ "r2:2", "bb1:tn.17", "", [ "$bb" ] ],
    [ "led1:A", "bb1:29t.e", "", [ "$bb" ] ],
    [ "led1:C", "bb1:30t.e", "", [ "$bb" ] ],
    [ "led3:A", "bb1:23t.e", "", [ "$bb" ] ],
    [ "led3:C", "bb1:24t.e", "", [ "$bb" ] ],
    [ "bb1:tn.1", "uno:GND.1", "black", [ "v0" ] ],
    [ "bb1:29t.d", "uno:8", "green", [ "v0" ] ],
    [ "r3:1", "bb1:27t.d", "", [ "$bb" ] ],
    [ "r3:2", "bb1:tn.22", "", [ "$bb" ] ],
    [ "led2:A", "bb1:26t.e", "", [ "$bb" ] ],
    [ "led2:C", "bb1:27t.e", "", [ "$bb" ] ],
    [ "bb1:26t.d", "uno:9", "green", [ "v0" ] ],
    [ "bb1:23t.d", "uno:10", "green", [ "v0" ] ],
    [ "led4:A", "bb1:20t.e", "", [ "$bb" ] ],
    [ "led4:C", "bb1:21t.e", "", [ "$bb" ] ],
    [ "bb1:20t.d", "uno:11", "green", [ "v0" ] ]
  ],
  "dependencies": {}
}